8000295-K, Christia, Carson
8000053-D, Fran, Yang
8000099-D, Kellie, Franco
8000197-S, Luis, Tyler
8000151-S, Katherina, Odom
8000284-X, Virgil, Frost
8000972-P, Marcell, Barrett
8000393-G, Fairy, Robinson
8000852-A, Phylis, Adkins
8000491-X, Lise, Alvarado
8000512-P, Clarita, Curry
8000898-A, Jule, Davenport
8000558-P, Tricia, Daniels
8000438-A, Yevette, Todd
8000064-C, Kanesha, Vega
8000754-C, Graig, Roth
8000841-S, Tessie, Farmer
8000260-D, Romualdo, Decker
8000887-S, Lucilla, Williams
8000569-L, Kaley, Blanchard
8000162-A, Margert, Stevens
8000656-Z, Nicki, Larson
8000983-L, Milagros, Weber
8000523-L, Andreas, Mayer
8000610-Z, Gabriel, Wagner
8000427-S, Emmett, Casey
8000218-J, Darcie, Morgan
8000425-J, Latonya, Dixon
8000109-L, Ollie, Zimmerman
8000207-W, Denis, Logan
8000536-D, Sherie, Ayala
8000414-W, Luke, Fuller
8000789-D, Yun, Nelson
8000327-F, Marilyn, Frank
8000271-C, Queenie, Vance
8000743-D, Carolyne, Conley
8000994-F, Serafina, Clemons
8000075-P, Parker, Prince
8000645-A, Janelle, Maldonado
8000830-G, Pamala, Fowler
8000282-P, Susann, Bass
8000305-P, Fransisca, Nicholson
8000876-G, Melodie, Melton
8000721-X, Vicki, Wiggins
8000184-W, Morton, Lee
8000767-X, Agatha, Melton
8000634-S, Ashton, Lott
8000501-C, Marlo, Jefferson
8000547-C, Elmo, Arnold
8000865-Q, Rosalva, Hamilton
8000040-L, Kathie, Freeman
8000173-Z, Babara, Ochoa
8000316-L, Eliz, Whitney
8000086-L, Yan, Mcgowan
8000449-Z, Jennette, Wooten
8000403-Z, Greta, Page
8000778-K, Ouida, Gregory
8000732-K, Alina, Mcleod
8000906-B, Delmar, Wise
8000195-J, Edythe, Valencia
8000654-N, Romana, Barnes
8000401-N, Elouise, Fry
8000051-F, Tu, Ramirez
8000097-F, Violet, Valenzuela
8000293-L, Danny, Kim
8000861-N, Shonta, Preston
8000850-R, Lezlie, Thompson
8000689-R, Ladawn, Downs
8000896-R, Crysta, Velez
8000643-R, Lewis, Garner
8000229-R, Chelsey, Hardin
8000436-R, Katharine, Herrera
8000556-Y, Carroll, Kelly
8000160-R, Crystle, Gilliam
8000974-X, Ayanna, Cherry
8000062-H, Tenisha, Lyons
8000380-Z, Collin, Webster
8000510-Y, Hee, Greer
8000338-H, Yanira, Bradshaw
8000391-W, Gertrude, Terry
8000752-H, Hue, May
8000985-K, Louis, Powell
8000798-H, Cris, Dunn
8000107-V, Shae, Hickman
8000171-N, Jeanie, Kirkland
8000216-B, Carline, Collier
8000885-J, Graig, Cannon
8000423-B, Augustina, Joyner
8000678-J, Mathilda, Pennington
8000314-V, Hortencia, Graham
8000469-B, Burma, Summers
8000632-J, Taylor, Cole
8000534-F, Christiane, Bradford
8000919-R, Evelin, Vargas
8000787-F, Tad, Gardner
8000621-W, Cayla, Johnson
8000950-D, Aileen, Marquez
8000325-M, Sharie, Alvarez
8000874-W, Onita, Macdonald
8000741-F, Tania, Swanson
8000996-D, Heather, Chaney
8000412-T, Romaine, Haley
8000458-T, Romelia, Myers
8000205-T, Stephaine, Riddle
8000667-W, Willis, Randolph
8000280-Y, Randolph, Chase
8000073-Y, Georgeann, Waller
8000303-Y, Hope, Cotton
8000765-P, Twana, Arnold
8000349-Y, Margorie, Wynn
8000011-J, Robby, Sykes
8000182-T, Jeniffer, Ratliff
8000227-E, Whitney, Estes
8000118-M, Thalia, Dillard
8000961-C, Anisha, Lang
8000730-L, Lavona, Austin
8000776-L, Corrinne, Garrison
8000863-Z, Julia, Joyner
8000908-J, Elenore, William
8000447-N, Josie, Schultz
8000000-W, Debra, Burks
8000084-V, Teofila, Fischer
8000545-H, Tena, Huber
8000505-R, Sheree, Pena
8000758-R, Marisa, Chambers
8000965-R, Laurette, Hebert
8000046-W, Bridgette, Guerra
8000712-R, Senaida, Thompson
8000614-H, Shery, Acosta
8000407-H, Jerome, Bolton
8000821-H, Tina, Bush
8000867-H, Rodrigo, Durham
8000057-J, Damien, Dorsey
8000155-L, Charlyn, Cantrell
8000242-Z, Natosha, Rowland
8000288-Z, Barry, Buckner
8000362-L, Bev, Chang
8000495-Z, Ezra, Fowler
8000976-N, Diana, Reyes
8000166-F, Loreta, Johnston
8000516-N, Homer, Powers
8000580-F, Soledad, Moses
8000810-F, Martha, Burgess
8000856-F, Klara, Kim
8000264-J, Myung, Hooper
8000351-P, Tisa, Whitney
8000397-P, Bart, Hess
8000845-L, Lizette, Ellison
8000299-W, Annett, Garrett
8000022-R, Kaylee, English
8000068-R, Katelin, Kennedy
8000120-F, Lucy, Woods
8000253-W, Flossie, Holder
8000482-R, Chelsey, Boyd
8000275-R, Mark, Garrett
8000177-H, Genoveva, Tyler
8000593-C, Frederica, Rojas
8000941-T, Lynn, Mcmahon
8000987-T, Loreen, Byers
8000529-W, Kimberely, Bowen
8000009-B, Pamelia, Newman
8000736-W, Fannie, Jenkins
8000627-P, Evelina, Byrd
8000691-A, Merlin, Foreman
8000932-Z, Ocie, Slater
8000952-B, Hassan, Nash
8000834-P, Corinna, Adams
8000418-Y, Vince, Schneider
8000998-B, Shiloh, Reeves
8000033-N, Brittney, Woodward
8000079-N, Sarai, Mckee
8000131-H, Boyd, Irwin
8000747-J, Oralia, Farley
8000384-H, Nelle, Beck
8000701-J, Diana, Cobb
8000286-N, Keturah, Massey
8000471-J, Lashawna, Richardson
8000603-F, Renita, Henry
8000649-F, Laure, Pena
8000240-N, Manie, Sanchez
8000309-N, Charise, Burt
8000725-Z, Kasha, Sullivan
8000963-E, Margit, Osborn
8000638-L, Allison, Nolan
8000460-W, Efren, Oliver
8000373-F, Yan, Trevino
8000044-T, Bennett, Armstrong
8000251-T, Maurice, Norton
8000297-T, Jame, Riggs
8000055-B, Lolita, Mosley
8000142-Y, Janae, Doyle
8000395-Y, Jeannie, Wilcox
8000360-V, Olevia, Noel
8000188-Y, Damian, Dawson
8000647-M, Eli, Contreras
8000209-G, Priscilla, Wilkins
8000164-M, Jeromy, Burch
8000493-N, Travis, Goodman
8000514-X, Rosa, Kinney
8000623-G, Donnetta, Henson
8000669-G, Jennette, Baker
8000854-M, Lara, Guy
8000020-E, Tobie, Little
8000978-Z, Carter, Booth
8000153-V, Jenise, Preston
8000066-E, Tommie, Melton
8000199-V, Ashely, Holmes
8000658-Q, Shara, Pope
8000429-V, Luciano, Marsh
8000710-E, Kecia, Olsen
8000262-B, Mariela, Huffman
8000612-Q, Toshia, Cardenas
8000525-K, Afton, Juarez
8000843-V, Kathyrn, Bush
8000889-V, Ashlie, Parrish
8000756-E, Raymonde, Garcia
8000734-T, Genny, Hensley
8000318-K, Aron, Wiggins
8000943-W, Krissy, Ochoa
8000175-Q, Carley, Reynolds
8000989-W, Brigida, Larson
8000527-T, Ellena, Clements
8000273-E, Pinkie, Kirkland
8000538-B, Shery, Randolph
8000329-D, Aleta, Mack
8000382-Q, Aimee, Merritt
8000745-B, Margret, Barnett
8000480-E, Narcisa, Knapp
8000591-H, Antony, Atkinson
8000625-Y, Deloris, Larson
8000832-Y, Brain, Skinner
8000954-J, Venus, Hewitt
8000878-Y, Phebe, Turner
8000140-G, Ramiro, Byers
8000186-G, Hedwig, Paul
8000930-N, Yvonne, Bean
8000031-X, Araceli, Golden
8000077-X, Chi, Goff
8000416-G, Georgeanna, Webster
8000723-N, Carola, Mcpherson
8000307-X, Anderson, Martin
8000769-N, Agnes, Sims
8000601-M, Genevieve, Juarez
8000405-Q, Dannette, Guerrero
8000042-K, Mozelle, Carter
8000088-K, Arvilla, Osborn
8000371-M, Mariette, Trevino
8000503-E, Wilda, Petersen
8000549-E, Jenine, Crane
8000636-V, Tomeka, Higgins
8000946-M, Siobhan, Lang
8000739-M, Laci, Castro
8000027-Y, Jeanice, Frost
8000802-E, Douglas, Richards
8000848-E, Stephanie, Browning
8000935-V, Aida, Koch
8000091-R, Tena, Cruz
8000550-T, Lea, Key
8000101-B, Marisol, Goodman
8000561-B, Rodney, Odom
8000038-V, Janetta, Aguirre
8000890-H, Alissa, Craft
8000016-H, Caren, Stephens
8000957-Q, Christel, Barber
8000837-B, Carolann, Russell
8000596-T, Benito, Hendrix
8000136-T, Shonta, Mercer
8000367-R, Mary, Singleton
8000430-H, Julius, Holt
8000476-H, Emmett, Hahn
8000728-V, Andria, Rivers
8000332-N, Somer, Jordan
8000924-Y, Katina, Mcintosh
8000378-N, Alesia, Horne
8000508-G, Faustino, Delacruz
8000826-T, Renato, Morton
8000234-Y, Jeromy, Elliott
8000049-M, Cleotilde, Booth
8000968-G, Ruth, Horton
8000694-Y, Norine, Huffman
8000147-B, Julee, Woodard
8000792-N, Donette, Mccarthy
8000463-M, Birdie, Kramer
8000210-M, Gilma, Dejesus
8000672-F, Ira, Moore
8000256-M, Maribel, William
8000005-F, Lyndsey, Bean
8000608-N, Leonore, Dorsey
8000717-Y, Nicki, Fry
8000815-N, Zelda, Pratt
8000574-R, Shirely, Stanley
8000452-V, Terese, Palmer
8000781-R, Celestine, Kent
8000245-V, Dionne, Norris
8000158-E, Regina, Burns
8000365-E, Blanca, Hooper
8000112-E, Eliana, Silva
8000498-V, Moira, Lester
8000913-H, Beryl, Bennett
8000221-Q, Anya, Contreras
8000267-Q, Barton, Crosby
8000706-H, Majorie, Glover
8000683-H, Laverne, Craft
8000354-B, Vashti, Rosario
8000979-S, Christel, Cardenas
8000343-T, Mi, Gray
8000389-T, Vernita, Ball
8000770-J, Latricia, Lindsey
8000585-N, Euna, Lopez
8000025-G, Theo, Reese
8000944-A, Angella, Bridges
8000619-T, Basil, Ballard
8000804-R, Reyes, Merritt
8000441-Y, Ayana, Keith
8000487-Y, Kirstie, Vazquez
8000800-C, Barrett, Sanders
8000790-X, Edgar, Horn
8000330-X, Reena, Higgins
8000485-G, Grace, Madden
8000376-X, Rosalba, O'neal
8000692-G, Lanie, Dunn
8000583-X, Chasidy, Webster
8000846-C, Ernestina, Skinner
8000123-X, Jeni, Booker
8000278-G, Brenda, Tate
8000232-G, Mariana, Strong
8000639-C, Derrick, Marks
8000387-K, Leif, Short
8000134-K, Dorthey, Jackson
8000169-X, Regine, Gonzales
8000933-S, Genevie, Miles
8000341-K, Jesica, Fields
8000594-K, Emelda, Dickerson
8000959-H, Iva, Wilcox
8000036-S, Melia, Brady
8000243-S, Jessika, Bray
8000474-Q, Christopher, Richardson
8000835-D, Kellye, Campbell
8000018-C, Lizzette, Stein
8000726-S, Viva, Dawson
8000047-A, Cesar, Jackson
8000824-K, Shay, Stephenson
8000737-A, Bobbi, Banks
8000145-D, Stefany, Potter
8000670-M, Elma, Molina
8000363-C, Rodger, Rojas
8000110-C, Shila, White
8000922-G, Lea, Irwin
8000007-D, Jacquline, Duncan
8000254-A, Erma, Salinas
8000461-A, Jerlene, Rios
8000572-E, Adriene, Rivera
8000606-X, Taisha, Vang
8000911-Q, Liliana, Kerr
8000813-X, Leanna, Manning
8000859-X, Olympia, Figueroa
8000289-S, Boyce, Burks
8000156-C, Carola, Rodriquez
8000352-D, Tonda, Armstrong
8000496-S, Edda, Young
8000704-Q, Lolita, O'neill
8000450-S, Cassandra, Nichols
8000058-Z, Latasha, Stanley
8000681-Q, Amparo, Burks
8000167-P, Nettie, Mcdaniel
8000519-S, Max, Charles
8000628-D, Zulema, Browning
8000121-P, Shena, Carter
8000617-K, Ana, Palmer
8000398-D, Alfredo, Dodson
8000715-G, Kristofer, Craig
8000900-M, Elease, Dejesus
8000904-D, Erik, Leblanc
8000291-V, Tiny, French
8000796-Q, Alyse, Jacobson
8000543-Q, Tajuana, Rollins
8000336-Q, Abbey, Pugh
8000129-Q, Wes, Stanton
8000806-A, Vallie, Dixon
8000589-Q, Danilo, Holmes
8000761-G, Han, Schneider
8000347-G, Mable, Pratt
8000095-M, Floretta, Higgins
8000012-Z, Lashawn, Ortiz
8000193-B, Dorine, Roberson
8000939-K, Danyell, Dickerson
8000554-G, Vernell, Goff
8000301-G, Rolanda, Larsen
8000708-C, Ezra, Silva
8000203-K, Alpha, King
8000249-K, Kasie, Rodriquez
8000894-E, Stefani, Gamble
8000434-E, Honey, Camacho
8000928-X, Delana, Wagner
8000663-K, Stacie, Sims
8000652-X, Eun, Harris
8000698-X, Collene, Knox
8000060-Q, Elinore, Aguilar
8000238-X, Felice, Guzman
8000750-Q, Lloyd, Miranda
8000774-V, Angelique, Merrill
8000521-V, Joshua, Robertson
8000883-B, Janna, Hayden
8000630-B, Yvette, Rogers
8000676-B, Myron, Johns
8000214-D, Judith, Finley
8000312-S, Javier, Nichols
8000358-S, Van, Peters
8000105-S, Raul, Melendez
8000421-D, Johna, Powers
8000071-G, Petronila, Norris
8000467-D, Micki, Rutledge
8000990-A, Chere, Alston
8000567-V, Lucas, Estes
8000872-T, Mila, Good
8000001-A, Kasha, Todd
8000665-T, Etsuko, Garrison
8000578-M, Mellisa, Kim
8000785-M, Malisa, Mitchell
8000323-A, Berna, Moore
8000532-M, Alejandro, Haney
8000116-A, Dacia, William
8000819-Q, Cassidy, Clark
8000369-A, Loni, Duncan
8000410-K, Dexter, Roberts
8000456-K, Everett, Vega
8000917-E, Ruthanne, Hoover
8000687-E, Deirdre, Ryan
8000641-E, Melba, Wilkinson
8000763-Y, Spring, Hayes
8000225-C, Kiana, Rivera
8000445-X, Chasidy, Tran
8000808-M, Ivelisse, Nixon
8000082-S, Tiesha, Daniel
8000180-K, Olevia, Pitts
8000948-F, Verna, Solis
8000541-Z, Jasmin, Young
8000587-Z, Jeffry, Church
8000794-Z, Rosalie, Coffey
8000029-P, Jamaal, Albert
8000334-Z, Trisha, Johnson
8000902-F, Jana, Thomas
8000093-A, Sharyn, Hopkins
8000127-Z, Terrance, Lynn
8000696-P, Charleen, Joyner
8000443-P, Earline, Ballard
8000650-P, Tilda, Melton
8000839-J, Manie, Maxwell
8000191-D, Bong, Hebert
8000937-L, Maximina, Hutchinson
8000014-Q, Linnie, Branch
8000201-L, Marni, Bolton
8000247-L, Cecelia, Gill
8000828-W, Edmund, Gaines
8000138-W, Wanita, Davenport
8000970-Y, Damian, Mills
8000432-C, Douglass, Little
8000478-C, Garland, Weaver
8000552-W, Hilde, Nieves
8000598-W, Joi, Reeves
8000661-L, Alissa, Hood
8000103-J, Katharina, Bates
8000149-J, Weldon, Michael
8000926-P, Joann, Barber
8000892-C, Nathaniel, Richard
8000236-P, Elvera, Peck
8000563-J, Dagny, Owen
8000981-V, Marguerite, Berger
8000817-Z, Yahaira, Robertson
8000881-D, Gilberte, Duke
8000003-M, Daryl, Spence
8000674-D, Gayle, Wilkinson
8000772-S, Nenita, Mooney
8000212-F, Elenore, Hensley
8000719-P, Erlinda, Osborne
8000530-A, Mia, Delgado
8000565-S, Sheila, Travis
8000258-F, Rodrick, Shelton
8000783-A, Kandis, Mills
8000465-F, Clare, Neal
8000321-R, Jeniffer, Slater
8000992-M, Demarcus, Reese
8000576-A, Salena, Day
8000454-L, Serina, Hensley
8000870-K, Silas, Tate
8000915-C, Vernia, Madden
8000269-H, Katheleen, Marks
8000685-C, Cecilia, Camacho
8000223-H, Moses, Pope
8000114-R, Rey, Lindsay
8000345-W, Kanesha, Hudson
8000080-J, Zina, Bonner
8000125-N, Lavina, Dejesus
8000356-J, Kandace, Giles
8000489-P, Celestine, Jacobs
8000310-J, Cameron, Carroll
8000030-D, Williemae, Holloway
8000076-D, Keri, Bridges
8000174-S, Nova, Hess
8000272-K, Josh, Shaw
8000381-S, Ashlee, Pena
8000261-X, Dortha, Jarvis
8000875-A, Janine, Manning
8000370-G, Collene, Roman
8000995-P, Trinidad, Mcclain
8000535-P, Carter, Bentley
8000909-Z, Nikita, Roy
8000041-C, Tangela, Quinn
8000415-A, Zoraida, Patton
8000087-C, Titus, Bullock
8000731-C, Doreatha, Ford
8000777-C, Major, Merrill
8000404-S, Kerrie, O'neill
8000219-Z, Lucio, Sherman
8000283-D, Leola, Gould
8000864-S, Lynwood, Jackson
8000500-L, Malinda, Baxter
8000546-L, Dori, Alvarez
8000679-Z, Reatha, Perez
8000960-L, Maple, Griffin
8000185-A, Ken, Charles
8000317-C, Justin, Newton
8000633-Z, Myrtie, James
8000448-J, Ellsworth, Michael
8000339-L, Delana, Scott
8000402-J, Augustus, Steele
8000513-D, Reita, Dickson
8000559-D, Kandace, Hughes
8000304-F, Vikki, Erickson
8000766-D, Yvone, Yates
8000437-W, Sunshine, Rosario
8000294-C, Sophia, Mcmillan
8000971-F, Margaretta, Clayton
8000720-D, Camila, Carroll
8000052-P, Saturnina, Garner
8000098-P, Carie, Kidd
8000668-A, Shawnda, Glover
8000392-A, Virgen, Clemons
8000622-A, Sharika, Colon
8000744-X, Eldridge, Greer
8000853-G, Lean, Stark
8000150-Z, Joesph, Delacruz
8000161-W, Kam, Wilder
8000328-P, Sheba, Knapp
8000899-G, Lonna, Franks
8000611-S, Margene, Eaton
8000657-S, Antonetta, Rocha
8000108-H, Monica, Sears
8000490-D, Justa, Thompson
8000196-Z, Andy, O'neill
8000524-C, Lazaro, Moran
8000842-Q, Felica, Munoz
8000426-Z, Hipolito, Padilla
8000063-L, Bobbie, Foster
8000888-Q, Rosanne, George
8000982-H, Ivette, Warren
8000755-K, Lamar, Greer
8000172-J, Marquerite, Dawson
8000929-B, Porter, Bass
8000424-N, Daisy, Ward
8000631-N, Kiara, Deleon
8000677-N, Tuan, Wolfe
8000074-F, Abby, Gamble
8000270-L, Deja, Chaney
8000884-N, Letisha, May
8000918-T, James, Robles
8000873-R, Tanesha, Sawyer
8000620-R, Gabriel, Pitts
8000666-R, Calandra, Stanton
8000413-R, Gwendolyn, Miller
8000206-R, Michel, Blankenship
8000459-R, Effie, Jenkins
8000579-Y, Vonda, Berger
8000119-Y, Luz, House
8000809-Y, Shanti, Johnston
8000010-N, Deshawn, Mendoza
8000183-R, Klara, Stanley
8000951-X, Kattie, Stevenson
8000997-X, Latoya, Johns
8000533-Y, Inge, Olsen
8000315-H, Christia, Wilkins
8000085-H, Lissa, Vargas
8000281-F, Jaimee, Day
8000907-N, Alita, Salinas
8000962-K, Brent, Calderon
8000217-N, Casey, Gill
8000775-H, Ilda, Roberson
8000337-V, Tamela, Harrell
8000194-N, Addie, Hahn
8000400-B, Kerrie, Morton
8000239-B, Le, Deleon
8000446-B, Janella, Bright
8000862-J, Lore, Sykes
8000655-J, Sam, Lester
8000511-F, Whitney, Cash
8000557-F, Basilia, Thornton
8000292-H, Clementina, Sargent
8000764-F, Lecia, Hancock
8000302-M, Jayme, Zamora
8000348-M, Christoper, Mccall
8000851-W, Brittney, Rojas
8000973-D, Annis, Sanchez
8000228-T, Molly, Langley
8000435-T, Laureen, Barry
8000897-W, Carisa, Carpenter
8000644-W, Ann, Heath
8000050-Y, Gertrud, Rhodes
8000326-Y, Bettie, Glover
8000096-Y, Louanne, Martin
8000742-P, Laurel, Schultz
8000788-P, Petronila, Gallegos
8000204-E, Harris, Pittman
8000568-H, Marissa, Summers
8000984-C, Marcel, Lindsay
8000753-L, Tomika, Wilder
8000799-L, Ophelia, Rodgers
8000840-Z, Giselle, Robles
8000886-Z, Coleen, Navarro
8000390-R, Cyndi, Bush
8000061-V, Alica, Hunter
8000522-H, Larraine, Horn
8000023-W, Corene, Wall
8000942-R, Tonja, Henderson
8000735-R, Melita, Dominguez
8000069-W, Tomasa, Carson
8000690-W, Dorothea, Chang
8000988-R, Casimira, Chapman
8000637-H, Ronald, Parsons
8000178-L, Deane, Sears
8000844-H, Sylvester, Chan
8000528-R, Selene, Austin
8000034-J, Guillermina, Noble
8000265-Z, Angelina, Lloyd
8000132-L, Delbert, Wilkins
8000385-L, Kaila, Walters
8000592-L, Deanne, Parsons
8000472-Z, Lavern, Orr
8000953-N, Delfina, Gilliam
8000189-F, Toya, Pratt
8000539-N, Lanita, Burton
8000931-J, Lurline, Rivers
8000419-F, Iola, Rasmussen
8000833-F, Roseanne, Maynard
8000879-F, Chloe, Patel
8000241-J, Rutha, Howell
8000287-J, Charmain, Webster
8000868-L, Dwain, Carlson
8000408-L, Conception, Slater
8000920-W, Elvia, Cardenas
8000374-P, Elanor, Patrick
8000230-W, Jenee, Rasmussen
8000276-W, Myesha, Burgess
8000143-F, Hans, Price
8000045-R, Monika, Berg
8000252-R, Cristobal, Hutchinson
8000298-R, Rayford, Simon
8000570-C, Wm, Pope
8000964-T, Novella, Patel
8000506-W, Vance, Taylor
8000713-W, Larae, Carney
8000759-W, Rod, Hatfield
8000822-L, Veronika, Rollins
8000308-B, Gilberto, Parsons
8000811-P, Neville, Mcclain
8000975-B, Barton, Cox
8000604-P, Sarah, Kirkland
8000857-P, Julianne, Shannon
8000056-N, Pamala, Henry
8000154-H, Lory, Page
8000724-J, Rochell, Cantrell
8000361-H, Kaci, Gallegos
8000350-F, Josef, Greer
8000263-N, Mellisa, Farley
8000517-J, Rudolf, Gilliam
8000702-Z, Morton, Barron
8000494-J, Shu, Mays
8000626-F, Ehtel, Cobb
8000581-P, Lashandra, Turner
8000748-Z, Romaine, Salazar
8000615-L, Jenna, Saunders
8000940-E, Davis, Long
8000986-E, Vanda, Holmes
8000483-W, Catherine, Miles
8000396-F, Suellen, Mercado
8000021-T, Adelle, Larsen
8000274-T, Lavette, Wright
8000067-T, Jayne, Kirkland
8000481-T, Gayla, Sims
8000032-B, Deloris, Burke
8000078-B, Ashanti, Parks
8000372-Y, Candelaria, Coffey
8000130-V, Tanesha, Hampton
8000383-V, Rochelle, Ward
8000877-M, Ethelyn, Ray
8000165-Y, Lena, Mills
8000590-V, Joni, Lee
8000624-M, Leigh, Burke
8000417-M, Krystin, Marshall
8000187-M, Sharla, Flynn
8000537-X, Jamika, Acevedo
8000600-G, Delaine, Estes
8000470-N, Myron, Ruiz
8000043-E, Onita, Johns
8000955-Z, Stephen, Vega
8000646-G, Catrice, Hicks
8000831-M, Leone, Emerson
8000176-V, Carissa, Foreman
8000319-E, Chere, Hardin
8000635-Q, Kara, Higgins
8000089-E, Marjorie, Logan
8000285-B, Mireille, Puckett
8000733-E, Aide, Franco
8000820-V, Kristy, Watkins
8000502-K, Tiana, Henderson
8000548-K, Felicidad, Golden
8000141-M, Nicholas, Vazquez
8000866-V, Domingo, Casey
8000406-V, Edra, Fitzgerald
8000779-E, Tajuana, Riddle
8000711-T, Ilona, Spears
8000966-W, Jonna, Brown
8000757-T, Cira, Downs
8000198-Q, Clelia, Workman
8000504-T, Irving, Pitts
8000250-E, Eleni, Gordon
8000296-E, Jennie, Middleton
8000515-B, Buford, Gilbert
8000306-D, Mazie, Fernandez
8000768-B, Lavonda, Stephenson
8000152-Q, Laraine, Robbins
8000722-B, Lois, Steele
8000648-Y, Rita, Bailey
8000855-Y, Inga, Koch
8000602-Y, Kylee, Dickson
8000977-J, Ingeborg, Ellison
8000163-G, Tomika, Larson
8000746-N, Oliva, Blackwell
8000700-N, Sharie, Whitaker
8000054-X, Diana, Guerra
8000439-G, Dorthea, Walker
8000208-A, Jutta, Everett
8000492-B, Pearl, Fox
8000065-K, Lorrie, Becker
8000394-M, Laverna, Hernandez
8000613-V, Jamika, Blanchard
8000659-V, Trena, Hudson
8000428-Q, Kandi, Mcneil
8000526-E, Angele, Schroeder
8000509-M, Julienne, Moody
8000969-M, Samual, Warner
8000716-M, Luciana, Mcgee
8000618-E, Eric, Hardin
8000825-E, George, Pickett
8000912-V, Hortencia, O'neil
8000780-T, Ricki, Bullock
8000584-B, Ulysses, Gaines
8000814-B, Marshall, Johnson
8000573-T, Laurence, Christian
8000159-T, Omer, Estrada
8000344-R, Jacalyn, Barnett
8000499-H, Tony, Hicks
8000113-T, Thalia, Horne
8000453-H, Sherita, Cherry
8000705-V, Terese, Briggs
8000901-Y, Maira, Long
8000671-Y, Adam, Henderson
8000257-Y, Johnathan, Velazquez
8000355-N, Sheri, Cole
8000211-Y, Buford, Bridges
8000803-T, Phillis, Fowler
8000026-M, Santos, Valencia
8000945-G, Angele, Castro
8000124-B, Herlinda, Stone
8000849-T, Arlena, Buckner
8000440-M, Alane, Munoz
8000486-M, Joaquin, Hawkins
8000279-M, Rayna, Perry
8000233-M, Winfred, Harris
8000695-F, Alane, Mccarty
8000090-T, Marvin, Mullins
8000551-R, Rory, Cooper
8000838-N, Gilbert, Calhoun
8000475-V, Arminda, Weber
8000342-E, Herta, Rollins
8000268-V, Claudio, Wise
8000135-E, Sarita, Parks
8000388-E, Lorrie, Pollard
8000222-V, Scarlet, Yates
8000037-Q, Zelma, Browning
8000936-H, Emory, O'connor
8000017-L, Georgetta, Hardin
8000729-H, Hilary, Savage
8000244-Q, Delila, Hamilton
8000891-L, Letty, Cobb
8000331-B, Ami, Mcmahon
8000660-H, Loraine, Sykes
8000782-W, Debbra, Jacobson
8000956-S, Ciera, Koch
8000320-T, Merideth, Preston
8000597-R, Jonell, Rivas
8000366-T, Alysha, Powers
8000607-B, Eliana, Reese
8000793-J, Mariam, Miranda
8000562-N, Bettie, Pierce
8000048-G, Caroll, Hays
8000967-A, Jennell, Solis
8000827-R, Marcy, Rodriguez
8000377-B, Mina, Carrillo
8000464-Y, Collen, Hayes
8000006-P, Latasha, Hays
8000823-C, Kristel, Byrd
8000462-G, Bess, Mcbride
8000100-X, Nichelle, Howell
8000146-X, Bernetta, Marquez
8000255-G, Earl, Stanley
8000560-X, Alejandro, Norman
8000399-X, Shaunda, Barnett
8000869-C, Erlinda, Humphrey
8000921-A, Randee, Pitts
8000409-C, Octavia, Case
8000616-C, Skye, Pope
8000353-X, Arvilla, Weiss
8000157-K, Alane, Kennedy
8000910-S, Inocencia, Key
8000111-K, Yuk, Vega
8000364-K, Lavonne, Anderson
8000571-K, Rubye, Mccall
8000168-D, Karla, Kirk
8000220-S, Clementine, Mooney
8000059-S, Neil, Mccall
8000497-Q, Lidia, Ashley
8000451-Q, Courtney, Wyatt
8000582-D, Lynne, Anderson
8000812-D, Ghislaine, Compton
8000858-D, Loni, Mullen
8000749-S, Hermila, Mckay
8000703-S, Camille, Harvey
8000680-S, Arnita, Thomas
8000024-A, Regenia, Vaughan
8000847-K, Phyllis, Hill
8000714-A, Sebrina, Hart
8000518-Z, Andreas, Herman
8000122-D, Robena, Hill
8000693-M, Christoper, Gould
8000133-C, Brianna, Moss
8000179-C, Karey, Steele
8000386-C, Aleta, Stone
8000629-X, Tressa, Weiss
8000340-C, Cassondra, Pruitt
8000801-K, Bernardina, Cooper
8000231-A, Freddie, Mathis
8000277-A, Justina, Long
8000947-Y, Venessa, Frost
8000682-V, Jenny, Bell
8000484-A, Valeri, Marshall
8000595-E, Rudolf, Moran
8000934-Q, Sherilyn, Wilcox
8000266-S, Trinity, Riddle
8000836-X, Erna, Sloan
8000019-K, Aleta, Shepard
8000473-S, Alec, Peck
8000035-Z, Bernita, Mcdaniel
8000605-D, Paul, Lester
8000791-B, Chantay, Maynard
8000727-Q, Hue, Dalton
8000958-V, Arline, Lawson
8000144-P, Miquel, Neal
8000008-X, Genoveva, Baldwin
8000375-D, Klara, Mosley
8000507-A, Terra, Pickett
8000738-G, Gwenn, Melton
8000923-M, Bryce, Monroe
8000927-D, Thurman, Ellis
8000566-Q, Arcelia, Vinson
8000829-A, Lory, Berg
8000313-Q, Justina, Jenkins
8000106-Q, Cecil, Hopper
8000359-Q, Virgina, Berg
8000784-G, Wallace, Lane
8000072-M, Melanie, Hayes
8000991-G, Giovanna, Jefferson
8000531-G, Garret, Clay
8000117-G, Le, Wood
8000170-B, Miriam, Baker
8000916-K, Kristel, Bullock
8000324-G, Shiela, Calderon
8000818-S, Sandy, Mills
8000577-G, Matilda, Larson
8000226-K, Danielle, Bond
8000871-E, Patience, Clayton
8000709-K, Jovita, Bishop
8000411-E, Ginette, Edwards
8000457-E, Latosha, Dalton
8000640-K, Yang, Roth
8000686-K, Pearlie, Cochran
8000905-X, Daina, Sampson
8000675-X, Launa, Hull
8000807-G, Elnora, Simpson
8000083-Q, Armand, Whitehead
8000215-X, Wai, Soto
8000773-Q, Kermit, Hyde
8000181-E, Jenniffer, Bullock
8000751-V, Mandi, Gibbs
8000797-V, India, Barron
8000544-V, Thad, Castro
8000300-A, Hayden, Cross
8000653-B, Marylyn, Browning
8000237-D, Cindi, Larson
8000335-S, Majorie, Wyatt
8000949-P, Steve, Bender
8000290-Q, Monty, Frost
8000444-D, Nathanael, Bradley
8000128-S, Walton, Dejesus
8000699-B, Alysia, Nicholson
8000192-X, Ayanna, Rhodes
8000094-G, Letitia, Franco
8000688-T, Yevette, Elliott
8000555-M, Erlene, Cook
8000642-T, Valentin, Mclaughlin
8000895-T, Bettyann, Acosta
8000346-A, Darren, Witt
8000139-A, Cleopatra, Tate
8000860-B, Mellie, Puckett
8000013-S, Garry, Espinoza
8000762-M, Terrell, Mathis
8000664-E, Brittni, Green
8000433-K, Izola, Hobbs
8000740-Y, Evelina, Manning
8000479-K, Jayson, Rutledge
8000202-C, Minerva, Decker
8000248-C, Magda, Eaton
8000786-Y, Lilliam, Nolan
8000468-X, Loise, Walker
8000520-Q, Tammera, Fischer
8000422-X, Charleen, Hurst
8000564-Z, Cinthia, Poole
8000311-Z, Melani, Jarvis
8000925-F, Guillermo, Hart
8000213-P, Ross, Pugh
8000771-Z, Yolando, Wade
8000420-P, Valery, Saunders
8000466-P, Jeanett, Herman
8000357-Z, Angie, Powers
8000070-A, Takako, Casey
8000104-Z, Marget, Hodge
8000880-P, Hilda, Harvey
8000673-P, Kermit, Bowman
8000002-G, Tameka, Fisher
8000609-J, Ashleigh, Frank
8000816-J, Joel, Wynn
8000914-L, Alishia, Elliott
8000993-Y, Amina, Salazar
8000224-L, Barbera, Riggs
8000707-L, Vinnie, Chan
8000455-C, Jeni, Farley
8000115-W, Merlene, Vinson
8000575-W, Danille, Mcfarland
8000684-L, Darcel, Harmon
8000540-J, Timothy, Byers
8000586-J, Cherelle, Key
8000126-J, Erlinda, Nielsen
8000028-F, Syreeta, Hendricks
8000903-P, Hae, Ramirez
8000259-P, Ferne, Kline
8000081-Z, Lizzie, Joyner
8000718-F, Devin, Shaffer
8000805-W, Nathalie, Knowles
8000190-P, Graciela, Barber
8000542-S, Catarina, Mendez
8000553-A, Marry, Benjamin
8000651-D, Florencio, Davenport
8000795-S, Cathey, Lamb
8000235-F, Verona, O'neill
8000760-A, Quyen, Houston
8000442-F, Caridad, Compton
8000588-S, Cyndi, Dyer
8000697-D, Zella, Fernandez
8000488-F, Yu, Mcdonald
8000092-W, Corrina, Sawyer
8000039-H, Ronna, Butler
8000015-V, Emmitt, Sanchez
8000599-A, Leland, Mcdowell
8000431-L, Holly, Nieves
8000477-L, Gertha, Mejia
8000938-C, Marina, Hinton
8000662-C, Augustus, Schmidt
8000246-H, Muriel, Juarez
8000368-W, Jina, Cooper
8000137-R, Jone, Bernard
8000893-K, Elaina, Key
8000200-H, Candis, Harding
8000322-W, Laureen, Paul
8000102-N, Sylvie, Wilkerson
8000148-N, Meredith, Bryan
8000333-J, Scarlet, Reed
8000379-J, Kristen, Alvarez
8000882-X, Willian, Hardin
8000004-Y, Charolette, Rice
8000980-Q, Orval, Hunter
